5,5,10,2.001099884,5.558609803,2.584030316,1.630195141,1.754018545,1.807020068,4.73625803,4.860091209,5.231914997
14,1,5,9.648369971,12.23495042,3.522514747,1.409456134,1.43450582,1.470697165,1.480196714,1.539004922,1.630360246
1,3,3,14.14751422,7.000718813,7.104370657,0.844221473,0.854588985,0.886655211,1.650380731,2.345485926,2.377326012
12,15,11,0.502208782,10.55140546,3.561847208,0.592027187,0.62050277,0.794531882,0.806147098,0.986656249,1.246760368
12,3,14,14.10903767,8.806822425,12.82003869,0.063838884,0.065168701,0.066249385,0.191038817,0.194800466,0.198086262
3,14,3,13.45581714,9.166972558,7.676970709,0.63367945,0.637551963,0.651108205,0.731626451,0.789216936,0.878810585
10,3,13,14.17239868,13.02447356,2.227899548,0.917276144,0.941867292,0.942024887,0.984991729,1.036103368,1.091836095
15,4,2,11.43343684,12.01618269,9.78316862,0.589110315,0.591443002,0.603699327,0.650198519,0.691061735,0.755118012
15,4,12,9.760996808,6.050953684,6.626179298,0.243713558,0.249113724,0.251703948,0.485287338,0.640265942,0.726946533
13,1,4,9.909909462,0.609497761,7.143090031,0.317943126,0.337141991,0.435499877,0.698914409,0.724868834,1.047430634
5,8,6,6.356528169,13.49661823,4.394923711,0.821749449,0.829376042,0.864446342,0.982236922,1.052284718,1.191064954
11,3,12,5.281098471,4.035372787,13.71323892,0.083772905,0.088866822,0.089558959,0.253000021,0.267221302,0.267467439
14,1,4,14.46942312,5.140231162,9.639628462,0.354439229,0.366235197,0.367917091,0.431821972,0.497754782,0.600709319
10,5,13,1.045510676,5.654936727,11.87175263,0.099528566,0.113624334,0.116821274,0.308156043,0.34012866,0.353324831
12,6,1,4.493789004,10.3122507,13.46824989,0.707914829,0.709497929,0.744006455,1.018149018,1.24913168,1.407418966
11,13,14,13.70460183,7.547459322,0.909331209,3.080663204,3.111834049,3.123076916,3.137972832,3.162946939,3.165198565
5,13,1,5.061670658,5.922196677,2.321782341,11.96435356,12.04237843,12.09657192,12.1887207,12.32065296,12.4297533
6,14,7,10.36272091,2.996882177,4.863925593,0.727372944,0.728123426,0.769812942,1.213522434,1.385912061,1.854502082
5,12,2,3.071836175,9.239355313,3.051252118,4.545585632,4.592385292,4.64981842,4.669708729,4.774349689,4.905135155
2,11,8,12.84112035,3.552805964,8.353761439,0.26672107,0.269696861,0.282345116,0.791867673,0.797477067,0.836558402
15,1,13,7.506779744,12.55840376,7.966010781,0.165677383,0.170501083,0.175000429,0.441511899,0.497291803,0.510844231
7,6,3,4.444025784,9.667408774,14.25259871,0.277226239,0.277307242,0.293678075,0.763439834,0.765220523,0.807736993
12,12,2,2.681859635,11.04689945,6.528023616,1.348634481,1.363902211,1.39456439,1.496200204,1.591234446,1.762593985
13,7,12,5.360306677,11.48164723,0.709755072,5.436864376,5.45133543,5.492023468,5.49963522,5.578627586,5.587172985
12,1,1,10.66255202,4.837469645,14.62655457,0.629448116,0.634224057,0.656079412,0.789997459,0.924983025,1.136407495
11,11,1,5.089409708,11.50635968,3.614723035,5.018558025,5.039280415,5.073585987,5.100890636,5.120773792,5.179257393
11,5,5,5.62123651,10.41849256,14.42949338,0.16270715,0.163154528,0.170050904,0.473585337,0.474225134,0.494358212
5,13,7,13.78678722,3.608741962,14.75740848,0.111147016,0.111366935,0.117927551,0.328417331,0.328490287,0.348020166
10,3,15,1.946785975,12.5294418,10.93169143,0.090370908,0.094581112,0.101487927,0.272779942,0.283226162,0.304531217
14,11,4,1.022285901,10.751433,10.86154465,0.344021887,0.348865688,0.360687464,0.716844261,0.956973195,0.980764806
3,2,13,1.076199124,9.99127765,11.08129119,0.062931634,0.094204023,0.118327647,0.253435344,0.316970915,0.354388475
1,4,6,12.75191154,4.943349947,8.770847155,0.338501781,0.342499793,0.36054492,0.996564031,1.007556081,1.059181094
6,15,2,1.2095637,1.757589251,6.140168192,2.55252552,2.57897377,2.654066086,6.339872837,6.382764816,6.56764698
12,5,11,14.28037875,11.55062635,5.912515878,0.260893524,0.262628168,0.27051419,0.352866471,0.392296016,0.466922998
8,8,8,14.42765836,10.73664072,6.760997696,0.291789383,0.292169541,0.304602146,0.396499276,0.458738059,0.553230345
1,4,13,11.46797822,7.058865861,5.20559314,0.342676252,0.358771712,0.373756409,1.029115438,1.074309826,1.11756146
14,2,5,6.974699726,1.38086873,14.15070954,0.166338623,0.173278257,0.202171609,0.511976063,0.531160832,0.587725878
7,13,5,9.600439257,10.4105413,5.504987791,0.683465719,0.685770631,0.704567373,0.790792704,0.793614149,0.909094989
1,12,10,7.976233424,9.15124135,5.805164097,0.357199192,0.371837944,0.383752763,0.620951235,0.813324094,1.067750335
2,5,15,8.224354962,2.178297098,4.873433197,0.35934037,0.39578712,0.43415153,1.113555789,1.191007137,1.304265499
8,14,15,7.442289803,2.486035345,6.404527297,0.244388968,0.248201713,0.258536518,0.732685149,0.743121207,0.773832858
5,3,15,1.688228242,4.650210155,2.994877041,0.834740937,0.970065296,1.074670076,2.663137913,2.934145927,3.231288195
12,13,14,6.175082537,5.54902583,3.511933853,0.638629854,0.638810456,0.65950197,0.996797383,1.329010606,1.356989145
15,11,4,1.073803874,14.68371232,4.270662207,1.317641973,1.354044676,1.361281633,1.415762901,1.490560174,1.586168289
3,11,10,8.322163528,3.768273115,3.830560976,0.798165083,0.809100628,0.84224838,1.848249435,2.12874341,2.379565954
8,12,13,8.295285503,12.12185774,9.391523879,0.11779888,0.118178144,0.121893592,0.346304536,0.351504535,0.352979749
3,6,2,9.510057226,7.538153029,2.532174297,5.305011272,5.396073818,5.542290688,5.660719395,5.798548698,6.12526989
9,7,3,6.049783425,7.262801853,13.34747226,0.312689602,0.312871695,0.325842232,0.862682402,0.862756669,0.867390931
7,11,4,14.62384303,8.084457318,8.011441155,0.446018547,0.446377099,0.464942962,0.541813552,0.629412115,0.673425317
4,4,7,5.692003442,1.101454869,13.98282194,0.132147402,0.159076914,0.163199559,0.411944479,0.470063716,0.493632913
9,12,18,2.841851286,5.030830769,7.75634095,0.155582815,0.161965191,0.164501786,0.469359279,0.485705346,0.494111925
8,14,20,11.30142946,0.659553365,3.177196201,0.362274915,0.399876505,0.521983564,0.974160433,1.21526897,1.309105635
8,1,28,9.603398196,7.558399614,12.0815584,0.028386811,0.032284442,0.041880362,0.099753909,0.10803213,0.125816271
9,13,25,1.683588709,11.34674341,4.079244754,0.218328446,0.231879011,0.273006737,0.55930233,0.695933282,0.730711758
4,13,30,9.624739713,10.81186428,13.3872663,0.028257476,0.029519821,0.029529506,0.085312344,0.088594973,0.08890678
13,3,25,11.81290857,14.33100133,11.44950754,0.041366335,0.042481773,0.042949755,0.124304295,0.127374753,0.128887996
7,6,7,14.43113551,5.975207088,4.086241182,0.784037948,0.78983897,0.830649197,0.962877452,1.00188303,1.1469419
12,5,1,7.269201867,12.90011186,2.879030775,6.430056572,6.476324081,6.546293259,6.615912914,6.645996094,6.672628403
9,5,12,6.864757347,9.873677308,2.413940017,1.128651261,1.137859941,1.188222885,1.371041894,1.532788754,1.707720041
11,9,13,3.264749,4.547981217,8.59282753,0.18793799,0.188724697,0.196988657,0.562566578,0.564631045,0.588813186
2,5,26,9.887454574,9.186259136,12.01275559,0.03981135,0.042808313,0.045256797,0.121692672,0.12879391,0.136152357
2,11,21,11.58090336,9.287497411,14.52628254,0.036142398,0.037885033,0.037888899,0.108983599,0.113572016,0.113942854
8,1,4,4.702708272,1.628028717,11.22006544,0.327117443,0.359023601,0.412328959,1.009175539,1.089337349,1.177596927
5,13,6,6.040499817,12.10309649,11.56149131,0.186261669,0.186937481,0.192679375,0.376924664,0.493980825,0.545560837
11,15,4,0.946185799,7.019324629,10.56129171,0.402709425,0.412112743,0.416495115,1.019059062,1.153310537,1.178241014
1,13,21,7.054962084,3.984821461,13.1007302,0.042630747,0.048609506,0.056099001,0.141242132,0.153667286,0.168515503
7,10,9,6.47513586,5.619683665,8.664156713,0.234446615,0.234980464,0.243759751,0.697182238,0.698539615,0.724402905
13,10,2,3.112984138,8.059490687,9.162207608,0.864700794,0.865806222,0.899354756,1.354216814,1.364273071,1.812005043
14,14,4,9.452230021,14.90494112,3.973423145,1.228977799,1.231048107,1.241611242,1.253816485,1.262711167,1.291864634
15,8,20,9.549376923,13.46474841,13.8532691,0.03936632,0.039541274,0.040628746,0.11795979,0.118445456,0.121683762
2,7,11,7.20851007,8.23354123,14.11051632,0.079996869,0.082668416,0.085350968,0.239517003,0.246593669,0.255021215
2,14,11,9.427321113,10.39938013,14.26035776,0.072775275,0.074506328,0.074989952,0.217350021,0.222147331,0.223816499
15,7,8,2.686712486,1.164183798,12.65634574,0.166373313,0.178436935,0.181764409,0.501617014,0.534652114,0.539041042
4,15,29,2.010073228,4.498241483,8.238267871,0.053416684,0.062443547,0.095575601,0.209810004,0.224704191,0.287621617
2,12,23,4.699628742,0.984199337,5.813653013,0.180069685,0.184775516,0.265805274,0.600453258,0.611359537,0.796519339
2,5,7,5.975999253,9.287494458,4.331383232,0.850143611,0.868747354,0.91564846,1.613861561,1.973114848,2.471702099
6,12,27,5.631657993,8.089408908,14.55224432,0.030455133,0.031945482,0.032188401,0.09211541,0.095901899,0.096914016
11,14,11,10.63452191,0.651316439,8.868451113,0.161355853,0.170255721,0.188727394,0.498108983,0.523924291,0.562875092
2,2,4,8.908063121,5.91286279,2.842540072,2.923965693,2.950686216,3.18778038,4.204176426,4.254314423,5.898052216
13,3,3,9.900513286,8.198418839,11.13330517,0.382032633,0.383596748,0.39425385,0.560507357,0.686753273,0.911560357
2,5,28,9.306467236,0.516798059,7.726129241,0.022178493,0.055418342,0.095636055,0.125142515,0.192116365,0.294794053
9,14,2,3.685911406,5.91723598,13.71701609,0.466556639,0.466926098,0.481191784,1.161279678,1.162833571,1.164602757
7,12,28,14.16299223,9.809258577,4.284196137,0.17399849,0.175831363,0.182575896,0.314204335,0.408167422,0.466448039
2,7,24,5.307876382,12.96308913,3.882954887,0.218947798,0.240845993,0.277116537,0.639504075,0.70335573,0.758830726
11,1,9,12.74342044,9.842310482,2.799245296,1.062908411,1.092036247,1.133310556,1.144643784,1.210989833,1.309811115
9,13,7,13.66702312,7.224416053,12.54044205,0.133500204,0.133868679,0.138407379,0.307157934,0.388487011,0.394346774
13,5,25,3.66790379,5.598447749,11.46225792,0.055083405,0.05708864,0.060390186,0.166947112,0.171916336,0.181301877
11,11,28,1.603577571,14.43018889,6.771319662,0.081843428,0.087576337,0.101658396,0.261733651,0.277614176,0.304981858
5,14,11,13.46215793,13.86545366,13.03652533,0.073913783,0.074305318,0.076119326,0.195632145,0.220200881,0.221417502
1,1,16,11.93324514,5.795398293,13.19076251,0.053979766,0.065042637,0.075184509,0.176014796,0.196892008,0.226674691
4,7,4,10.73261817,7.919727204,14.71856577,0.186343893,0.18676059,0.196489677,0.533358753,0.533869863,0.561605096
14,7,19,2.688710779,7.924482031,13.12501801,0.057023503,0.058033515,0.060952853,0.171463832,0.174051076,0.182753801
13,10,3,2.781593871,9.829257113,10.46978416,0.470244438,0.470567375,0.490711629,0.88099885,1.018192291,1.282196403
15,10,12,11.36295306,8.436857229,3.039733061,0.726859391,0.729192317,0.746704459,0.800825238,0.805842638,0.885000348
12,15,19,14.47108725,13.34102442,7.80699624,0.094998635,0.095202297,0.097718723,0.159655094,0.20700869,0.231566474
5,3,15,7.614857971,11.76051143,11.62189853,0.077142864,0.077345409,0.083180971,0.231021598,0.231636941,0.248802736
1,4,26,7.183815437,5.064490003,4.368817953,0.193695322,0.25172466,0.274374068,0.670218945,0.774163902,0.83349359
12,3,18,2.984390499,10.35244977,4.933850396,0.288948625,0.289978743,0.313217521,0.867497265,0.869132698,0.937315702
8,2,3,8.498745059,8.191781852,10.25842686,0.462920785,0.465474606,0.485053957,0.935564518,1.186620593,1.277424932
4,9,28,4.601759653,9.923323333,10.58058691,0.04446739,0.048402831,0.051964965,0.13939102,0.149309471,0.156057581
8,8,22,10.58724054,1.913823765,3.32031081,0.370226145,0.405217648,0.436242759,1.01424706,1.147604823,1.235151887
14,15,26,5.057908933,14.61492909,2.400790772,0.474711984,0.477605104,0.491404742,0.547263086,0.581214249,0.638598681
15,8,2,1.330507522,5.104467654,0.563650392,55.56757355,55.68712616,55.87899399,56.12650681,56.39940643,56.6528244
4,4,2,4.017300683,14.15715398,8.143679992,0.894655585,0.906040251,0.981962204,1.311588526,1.445964813,1.689076185
13,6,19,10.89998766,1.418597758,0.870117497,2.436422825,2.490208387,2.581397772,2.703442335,2.859149694,3.030737638
8,1,16,1.337852715,13.15349822,10.80003338,0.084253743,0.095999599,0.105364315,0.266416907,0.289728224,0.31695661
4,3,15,3.458772817,11.17546048,4.567237585,0.359460175,0.383905798,0.407388061,1.085235476,1.150244594,1.223605275
14,10,15,1.760392782,11.69349812,9.452544739,0.113424897,0.118172012,0.119663671,0.340935409,0.353521556,0.359120011
8,6,21,4.226525257,8.673509953,11.833549,0.0581122,0.059374381,0.062879272,0.175022394,0.178230539,0.18861109
5,1,9,4.986123459,11.88160516,14.03477244,0.104066044,0.105937511,0.115344964,0.310121954,0.315249145,0.342791438
6,2,7,9.329116447,14.66968963,8.136994071,0.270150095,0.273520023,0.285599023,0.692806542,0.769818604,0.797103047
15,14,23,7.722859994,13.30623763,5.035793475,0.174272925,0.174468175,0.179934621,0.285744727,0.318097293,0.435938031
11,4,6,11.95357048,7.480201212,11.53502988,0.184095636,0.184821352,0.191140309,0.409300089,0.535169184,0.539335668
1,15,29,4.276815553,6.925037186,7.000244633,0.050032325,0.055300098,0.112908773,0.219787568,0.23037532,0.339135319
10,12,27,1.819309469,1.370998086,9.825569134,0.070366584,0.073431313,0.095579818,0.227002129,0.23261787,0.286628515
8,10,12,1.677609448,14.79176651,1.545293705,1.911137462,1.946476936,2.003882647,2.077522039,2.07794404,2.166143894
6,9,8,13.68973133,7.957731925,4.338172956,0.617704153,0.619586825,0.649458587,0.744478524,0.862739205,0.915781438
11,10,15,5.604176756,3.470101491,13.74813781,0.069522962,0.070468955,0.072941028,0.208445936,0.21093531,0.21834518
12,13,20,14.26819728,8.878236574,3.661740443,0.31069532,0.311834842,0.32233426,0.379858077,0.415727764,0.504276097
2,2,8,6.433270333,1.761939617,0.573326148,13.33331776,16.40133858,16.45215607,17.22820854,22.71092415,35.83734131
1,9,21,6.077978371,14.25087646,6.283352628,0.103159741,0.11096476,0.147458866,0.352908343,0.375029117,0.381930113
10,7,3,7.567716852,9.584333541,8.862495395,0.553110719,0.553608954,0.574330628,0.760407865,0.936582863,1.007878661
12,7,26,10.63286202,2.508886891,12.22156746,0.037597407,0.039885823,0.045016866,0.118633129,0.124674171,0.135052398
6,3,25,3.074029274,1.096878209,8.543155715,0.037069481,0.083704814,0.103464648,0.188260481,0.276950896,0.322010607
5,15,10,8.759010073,1.654939855,14.27447911,0.095334493,0.09678486,0.103167065,0.284522861,0.28832829,0.307439148
2,9,25,9.279155283,6.354346262,11.95313734,0.044038184,0.047983766,0.048531551,0.134801179,0.144237354,0.146437585
10,15,21,4.904386992,9.027727202,0.91682709,2.53947401,2.580892563,2.583940983,2.650678635,2.726315022,2.753626108
1,2,3,0.675236427,14.02799472,8.629983146,0.396206856,0.4733136,0.679504097,1.428694725,1.518001318,1.653099775
3,6,12,10.85315225,1.758225543,9.776780362,0.134554505,0.148961455,0.153598309,0.411423236,0.445161283,0.464156479
7,12,3,3.118270639,4.347546045,9.170243389,0.699544132,0.701562822,0.724478602,1.928370476,1.933998823,1.993890166
4,10,18,5.299906131,11.97412176,8.756283094,0.098227769,0.103412584,0.103619784,0.296308249,0.310350448,0.311225176
10,11,5,1.189586903,7.368846865,5.900596613,0.839548588,0.862869501,0.880654872,1.5528543,2.035095215,2.435106039
12,8,15,14.27778779,5.004699159,2.437361199,0.808604717,0.819304049,0.836511195,0.894713223,0.952448487,1.05305934
5,6,21,3.382754233,1.290802644,5.682940605,0.179613128,0.250190288,0.270365655,0.647224903,0.770009339,0.82780999
13,6,14,2.716714858,4.90105337,9.625441896,0.145302281,0.14562346,0.154205352,0.435480982,0.436399192,0.46121493
15,12,4,11.67702823,13.6465479,7.347827649,0.477878243,0.4779149,0.489839226,0.506395459,0.538548112,0.548337698
2,10,3,12.72784618,14.11062185,10.24359155,0.380016804,0.383699507,0.395148903,0.468589544,0.532782614,0.663323999
14,11,27,7.520808771,5.398387962,12.17276655,0.042929094,0.043585997,0.044688746,0.129130542,0.130839318,0.134167776
14,13,12,4.392292166,14.05583213,4.095515601,0.478956759,0.479196042,0.497408211,0.581574261,0.622826815,0.70658809
1,8,25,13.14877977,7.96303748,2.000938302,0.639528155,0.691285014,0.737473667,1.026420236,1.24328053,1.563856006
5,8,25,0.97036347,13.31672373,12.76983678,0.017120259,0.01972113,0.042660888,0.078612104,0.084999964,0.127978563
3,9,28,2.174731265,2.718156641,1.966750972,0.606309235,0.909611702,1.034222722,2.421797752,2.914429426,3.151793957
13,2,17,7.637005589,4.463595803,11.19161046,0.069277905,0.072796501,0.084184296,0.219402984,0.2286544,0.252096295
10,4,11,2.312090511,2.051554611,14.77274604,0.086753644,0.097239316,0.107292473,0.267133981,0.290731579,0.322131515
5,7,22,4.608902095,2.172117108,7.376831687,0.130667538,0.144605875,0.161797181,0.410504431,0.439049333,0.48633635
14,4,21,8.111367965,3.801949698,1.665570857,1.142267942,1.194094539,1.298331738,1.405823231,1.621732354,1.963103533
5,3,26,10.63436944,11.77772704,5.597668818,0.131459445,0.134105757,0.144022018,0.395494908,0.402738929,0.431633264
14,3,5,12.66873056,11.95887106,14.95874616,0.132773712,0.133395881,0.136613384,0.251704872,0.325915456,0.385875672
2,6,15,12.51496279,2.366260808,5.713525605,0.257739306,0.275007606,0.29536432,0.782999575,0.824210823,0.888152123
11,11,8,0.803929476,12.75748642,10.94537424,0.155725777,0.163796097,0.17067267,0.468060225,0.475780994,0.491127402
14,3,11,4.666573131,12.97485925,2.176160395,1.417874694,1.43847537,1.475175619,1.703151822,1.715717673,2.016907215
4,12,6,6.435479748,5.424066677,5.967933457,0.643655181,0.648717046,0.666496098,1.390879631,1.536053538,1.890468121
1,15,8,3.27954332,0.73140924,12.54741371,0.158999071,0.184988141,0.256147981,0.502247512,0.553376257,0.761991441
1,14,4,4.15119704,1.124205202,9.683834535,0.568813682,0.58649528,0.652477682,1.633697271,1.677137494,1.863858342
3,3,10,13.03310057,13.2990016,6.836281792,0.242092997,0.242119834,0.25937897,0.640759468,0.717663646,0.717929304
8,10,4,10.98392449,0.741216303,6.248594658,0.824830473,0.865227521,0.883208454,1.238517523,1.525055051,1.917497873
6,12,18,11.22909169,6.265552867,2.795885194,0.593110085,0.599638283,0.624701262,0.811443925,0.996162117,1.066262126
5,9,6,13.67184184,4.903365735,12.3346606,0.169328868,0.169804022,0.179793939,0.497055918,0.497753114,0.527083457
5,14,6,10.92144746,2.937429891,0.756676348,10.79133511,10.86528206,10.97033978,11.04920578,11.06852531,11.15288353
12,5,25,6.35549859,6.27994533,6.557355825,0.127202034,0.13266252,0.135085702,0.384382486,0.398437858,0.406053841
1,11,25,12.29439188,4.542896952,9.7398881,0.061542157,0.068668336,0.07018286,0.191467062,0.208237082,0.211241022
7,10,26,10.24878058,14.23334734,2.318322247,0.455961287,0.459894657,0.477326661,0.553108633,0.56114161,0.664425373
3,6,21,8.643205115,12.06490379,10.02104416,0.065806739,0.068295144,0.070937827,0.198319271,0.204820842,0.2130142
9,4,1,12.46389782,2.033609261,12.60053098,0.784635782,0.793396413,0.830000162,0.998669386,1.155940056,1.390137792
9,6,13,5.34704939,7.645496518,14.98754059,0.064130686,0.064158343,0.067588858,0.191734985,0.191826463,0.201930374
7,15,18,8.707968985,5.122275345,10.08022945,0.087860525,0.08822681,0.091319002,0.263365179,0.264380038,0.273489296
4,14,4,1.868461313,12.87064524,9.980620215,0.359798163,0.370187581,0.374326915,0.499281615,0.616869211,0.782290459
3,7,24,6.673846346,10.13948964,7.277301066,0.098517217,0.107245348,0.107372321,0.300825477,0.32197082,0.32469666
11,11,25,12.64885479,1.1161485,7.767793547,0.069817714,0.074906908,0.096949577,0.235626385,0.249710828,0.290785253
12,8,29,4.378336444,9.227031087,10.56614103,0.049702685,0.05052596,0.052994918,0.149798885,0.15185599,0.159139708
7,5,17,12.45533952,10.66596778,7.495068859,0.125127867,0.125813186,0.132016987,0.374189764,0.376459748,0.39459455
13,8,6,2.214104456,0.580538371,3.131079612,2.483601093,2.628848791,2.947617292,7.586800575,7.951139927,8.674323082
6,1,24,11.85278164,1.895666804,10.35110418,0.016608432,0.022226397,0.065350056,0.089761719,0.101495296,0.19615604
3,15,4,4.793798497,8.941581729,9.938989744,0.387122661,0.390153259,0.398962796,0.630006909,0.807525814,1.072464228
11,14,8,2.80790583,10.07369385,7.360996951,0.327979505,0.330754787,0.339993954,0.619461715,0.799764752,0.968823791
2,2,12,14.50114783,11.71918909,5.650856365,0.283694804,0.28380388,0.306252003,0.842153132,0.846085131,0.914338946
11,12,6,4.29782392,1.569834544,12.46956425,0.225554958,0.228370726,0.236645848,0.663132846,0.670457721,0.695086837
5,1,13,5.477703531,14.19736822,14.05244308,0.068706892,0.070197724,0.076036483,0.206068173,0.210163444,0.227141738
5,9,8,1.324505403,13.09348305,4.655112774,0.57768321,0.616906345,0.657813788,0.828955114,1.01283443,1.269978166
8,13,9,9.244008755,13.38040425,1.476516169,2.480509758,2.493559122,2.505515814,2.525701046,2.53795743,2.554337978
7,2,10,3.701776173,7.664012559,7.387596649,0.292540252,0.296913773,0.316368371,0.873662114,0.885607958,0.942178488
1,7,7,2.551562673,6.308545076,13.31363135,0.127057299,0.141401991,0.165830106,0.410577804,0.447298437,0.489813626
14,3,7,9.400183608,7.484911298,12.43538996,0.148490578,0.149878606,0.152927741,0.428587318,0.43859756,0.442707419
15,11,19,6.091033438,7.033858983,6.901927351,0.155899778,0.156382933,0.160948247,0.467318922,0.468606204,0.482048303
13,14,21,7.955565376,6.36121666,1.546272179,1.291025162,1.291361809,1.332185864,1.39358139,1.506079555,1.558194757
11,2,29,2.111715815,7.759289908,11.09867726,0.046034131,0.04786614,0.059712362,0.145379096,0.148810089,0.179080784
8,15,21,0.717664166,9.785595626,4.580950912,0.149466038,0.158613876,0.295539379,0.575058222,0.604412377,0.632216215
9,2,27,3.071973563,11.54899353,3.322557467,0.337422848,0.337974131,0.387782306,1.021538258,1.024620891,1.162315488
12,12,11,1.89761491,8.581165096,6.019187091,0.353471875,0.363686442,0.369725078,0.935881436,1.054364443,1.08493948
7,6,7,9.823010993,12.26636463,7.416943571,0.306733996,0.307289243,0.321734339,0.510602772,0.675567091,0.718395352
10,13,2,3.548904997,3.238179579,12.15481449,0.635313869,0.635475159,0.659059048,1.574317575,1.574489117,1.629347682
5,4,20,14.90349619,10.44372707,3.688070966,0.304899693,0.307139099,0.328341067,0.577698052,0.619272828,0.863362193
15,13,5,12.30297464,10.97406817,2.272410022,2.322989941,2.327567816,2.338146448,2.340295076,2.356028318,2.369734287
13,3,25,9.885030314,6.077042118,8.892425364,0.06688828,0.070260562,0.075633839,0.206283376,0.215371862,0.22688365
14,5,29,0.663086112,5.63763689,2.815747021,0.324475586,0.473312944,0.535564184,1.234397173,1.514699817,1.626953244
10,5,4,8.976666767,11.33417418,3.474421401,1.68072319,1.684343815,1.733155608,1.802580595,1.824038148,1.948502779
4,3,22,2.539664591,1.943184181,8.143195386,0.081519842,0.109980166,0.165265605,0.319142997,0.366308898,0.498833329
6,14,7,4.952136927,7.96398067,10.39775104,0.214891061,0.216253966,0.22143504,0.634668768,0.638832748,0.653449953
11,6,19,12.86956881,6.780204385,10.7302617,0.065763749,0.066937819,0.068607435,0.197322428,0.200506389,0.205649272
14,1,14,8.77290263,8.551496605,14.60001055,0.054873429,0.056862935,0.061153486,0.167588353,0.17322284,0.182817727
4,12,12,13.60202863,1.04547517,4.810447838,0.396373004,0.433178723,0.445524454,1.180406213,1.205918789,1.294488907
6,11,16,0.552361716,2.60840743,6.213613607,0.142082125,0.192070857,0.331588268,0.635635316,0.716050744,0.996993423
4,8,16,14.10321758,12.22649176,3.62143582,0.380498827,0.385856122,0.401504487,0.530966878,0.561539412,0.736127019
12,1,17,12.34840679,3.483171009,7.265341746,0.08746589,0.092774026,0.15617016,0.337866724,0.354573935,0.388565213
11,8,12,10.38786246,2.365341188,12.62124895,0.089223474,0.092826799,0.093294121,0.267655224,0.277101576,0.279563695
4,14,15,10.7140638,5.968461062,7.074589869,0.176927075,0.179326162,0.184172154,0.529732108,0.53585583,0.550265253
11,10,28,7.093675685,3.234999518,14.43120497,0.031489436,0.033438794,0.033859327,0.095661305,0.100468054,0.10203705
7,13,20,12.51380883,7.796620906,14.11518067,0.040033825,0.04016507,0.041590024,0.119990774,0.120366134,0.124588445
12,4,14,14.32596221,4.866536468,11.70490535,0.076254688,0.079379857,0.079496585,0.228887647,0.237294555,0.238325983
5,1,25,1.850029781,13.28552619,10.85290724,0.041442283,0.056050565,0.063494965,0.14875187,0.173119262,0.193333969
7,9,10,14.81282539,13.00690806,14.6405939,0.066873789,0.066982977,0.069496363,0.199037626,0.199278057,0.206751853
1,14,13,9.740252211,7.475030199,7.448090228,0.188132867,0.194581434,0.203571066,0.54063952,0.568000376,0.585957229
8,11,12,2.929175041,7.789752275,6.662144901,0.275517315,0.282633394,0.288253784,0.824179292,0.844038725,0.860872746
15,9,18,4.941954588,11.05134533,3.274867261,0.484583765,0.486346871,0.50715971,0.695611537,0.81915009,1.003425956
4,6,20,9.485129344,9.479624732,14.76259268,0.038388714,0.038812183,0.041251369,0.115274422,0.116417594,0.123611115
15,6,27,7.697780453,11.67506704,3.38575809,0.282140732,0.287717193,0.295210093,0.495531172,0.546493888,0.767296016
2,13,28,14.19028933,2.505603174,9.514175586,0.059266467,0.060141757,0.067652427,0.180216223,0.181758553,0.202972665
12,5,28,7.371309232,3.430187284,9.004288065,0.061337765,0.066447034,0.074092656,0.194962844,0.207037419,0.222574771
3,13,3,7.276152682,12.78197314,6.673783807,0.810254335,0.819616497,0.83338964,0.884872019,0.941340148,1.037038326
8,5,14,3.164752727,12.19080687,7.73610331,0.166921899,0.170417175,0.180849522,0.499736965,0.509809732,0.540885568
5,15,7,3.552350271,12.78624959,10.33656422,0.19706358,0.199807376,0.203924716,0.357114583,0.468822837,0.580385506
5,1,17,12.24101267,11.80425718,6.278215932,0.166082755,0.179725111,0.180597782,0.501731813,0.538509131,0.543166041
8,11,26,3.719010303,7.53800641,6.619523397,0.121987693,0.129624382,0.130247191,0.370304465,0.389306694,0.39273715
15,1,26,1.965402678,2.991191661,11.54414567,0.023984978,0.043827221,0.062219527,0.115772985,0.149949506,0.189403325
8,10,7,5.739537882,13.13840793,9.360410256,0.222746894,0.222802848,0.232271507,0.448863536,0.528654218,0.6541664
3,13,26,9.154904666,12.67920268,9.813890504,0.052137919,0.054345179,0.05545013,0.157764092,0.164034262,0.166297674
2,3,16,6.435395275,4.300044766,8.389728927,0.142906904,0.145089224,0.174259991,0.437070578,0.441453069,0.521249116
12,12,8,7.536440836,11.91174008,5.957141751,0.391753018,0.392282426,0.404811114,0.500642061,0.542182148,0.681177318
9,13,20,13.01974042,8.823505306,3.482414391,0.345345289,0.347691506,0.359706789,0.44025147,0.542180836,0.546080351
9,4,11,11.1896266,10.45672922,8.434156182,0.164006516,0.165225342,0.171336293,0.472589314,0.488278925,0.49230659
10,7,26,3.828536107,13.16280046,13.12769544,0.035668109,0.037004173,0.038329221,0.107685469,0.111051381,0.115293182
2,15,28,2.679829665,1.430746535,6.177737167,0.089984946,0.156704024,0.164320916,0.385665,0.499011099,0.51377517
3,6,3,3.343429627,3.109513195,14.672037,0.331078947,0.33260864,0.387375057,0.909340978,0.912956595,1.060675859
14,8,23,3.610204415,1.255476417,6.50414913,0.135830522,0.156019196,0.193188682,0.469368666,0.507178247,0.581178308
15,2,17,4.110608045,2.818212083,13.43599381,0.047438551,0.052772708,0.070443206,0.166624129,0.177313194,0.211112618
14,3,23,1.366625108,7.368539778,10.55979222,0.066619359,0.071448408,0.082406223,0.206621587,0.216894105,0.247309268
7,11,24,10.80543577,2.292407872,5.447795336,0.168800637,0.182299942,0.184896976,0.513699234,0.547231734,0.558150113
11,9,12,10.59590463,10.09671082,12.77861461,0.077311561,0.077404298,0.079842903,0.230726585,0.231000125,0.238212928
3,7,10,0.52410619,9.373455079,0.65509103,4.168226242,4.377601624,4.728065968,5.1772089,5.68814373,6.138404369
14,14,12,12.0582943,11.43841974,4.039636367,0.438733101,0.43886742,0.450472146,0.475926459,0.520105481,0.526988149
15,11,16,9.487814476,14.90474075,8.152042829,0.111305647,0.111742094,0.114990942,0.208038002,0.274879038,0.310488462
15,9,18,0.570066371,1.244595249,5.710392553,0.273557454,0.315722913,0.412473738,0.930174768,1.007744908,1.237844944
11,14,24,6.383700467,6.618923148,2.697641058,0.529134214,0.53289932,0.550748527,0.839039922,1.013568044,1.252109528
3,12,8,11.2894794,6.550249529,1.45921218,3.295982122,3.301854134,3.357102871,3.452651739,3.580578804,3.606807232
13,4,17,13.08421878,11.99678525,4.491121117,0.262488514,0.267161638,0.272142023,0.361106366,0.419519633,0.511651456
1,9,9,8.026289426,3.424771184,4.049510989,0.878536999,0.926804841,0.927414656,2.62810421,2.759516478,2.76010704
4,5,8,6.652287839,3.886568567,10.45367415,0.204819679,0.206187725,0.222618222,0.608167887,0.61185956,0.660030603
5,1,2,7.414453456,12.08922056,11.69577304,0.541293681,0.544691742,0.575260282,1.365108609,1.374061942,1.397614717
3,12,11,7.09854244,4.364969212,4.159944196,0.646461606,0.660202324,0.67602545,1.742337465,1.883553267,1.930380464
5,14,28,9.504956518,13.62722155,2.451615289,0.395775437,0.408462852,0.410645247,0.471562535,0.525568664,0.623313069
1,14,3,3.427769126,13.08063283,10.08562606,0.446685612,0.464235842,0.466040552,0.543318749,0.632653058,0.763915837
7,4,10,3.383663201,7.571604068,9.493084531,0.190406784,0.191727415,0.205607072,0.568055868,0.571579874,0.612461507
5,8,5,13.01735074,12.16632776,8.817140909,0.303763658,0.304570347,0.317640215,0.449152529,0.508586109,0.664409876
15,15,5,11.51209748,9.889373053,4.422899235,0.910982907,0.911559105,0.92954737,0.938928068,0.971228421,0.984647572
10,14,8,1.753972065,4.143043459,8.273491184,0.343559295,0.351867229,0.356085777,1.021571159,1.043501496,1.057568192
7,10,7,3.355836552,11.83235775,5.586499715,0.544987023,0.550052762,0.572899044,0.786454976,0.946776927,1.22002244
2,15,29,7.226716794,4.569399064,3.706308723,0.250802189,0.274965704,0.302238047,0.795035958,0.846397102,0.908837199
9,13,14,10.54851524,4.831576417,11.51756137,0.087185927,0.087377973,0.090645432,0.260719478,0.261267304,0.270957559
12,10,26,6.316464477,11.79054858,7.002646862,0.098392591,0.098949514,0.102844052,0.295286298,0.296871513,0.308310896
12,5,19,4.401636718,9.10662935,8.908181464,0.103509642,0.103811935,0.109466799,0.310600549,0.311496377,0.327977926
2,15,13,4.849299691,2.725482639,9.429758598,0.154843614,0.166538745,0.169902995,0.472541243,0.502605081,0.50844878
13,4,8,0.951970797,14.90848196,10.20191835,0.180122986,0.188383102,0.19908087,0.534883082,0.558965266,0.591409028
1,6,4,9.982734249,9.663554708,8.641071289,0.463729233,0.469965875,0.491158158,0.94718504,1.231553674,1.32025528
1,2,14,13.9653042,14.51498608,14.61991446,0.053117245,0.05461609,0.059192624,0.159572721,0.163447633,0.177043602
13,1,7,1.687355188,14.47111958,12.74311184,0.164548352,0.165320158,0.176882625,0.486732423,0.489062488,0.522288263
9,3,12,6.34706353,11.41643134,8.301998564,0.169817269,0.17161499,0.178963006,0.507374466,0.511945367,0.533869743
12,1,1,14.19078598,0.927060422,7.174266936,1.723010778,1.745400667,1.790294766,1.853115439,1.893566966,1.929383993
2,10,19,8.437773297,7.946908258,2.65097234,0.61909169,0.654709458,0.66769892,1.00819087,1.262034178,1.728697777
7,5,11,12.06009598,13.026352,10.06878632,0.11698316,0.117321603,0.122792475,0.348474652,0.349375546,0.35554865
4,2,21,11.02137966,14.80721341,8.415618652,0.084331818,0.085793339,0.092164837,0.253294557,0.257470995,0.276100308
11,5,1,8.880512159,14.31528677,11.28514542,0.778969169,0.785561502,0.813673556,0.871968448,0.920340002,1.011622787
13,5,12,7.375168968,8.811195468,7.720550591,0.192327783,0.194098398,0.199120864,0.574286461,0.579060674,0.593765974
14,14,17,5.457829215,8.778532103,3.478626198,0.490250677,0.491414398,0.506278813,0.705073118,0.771991491,1.019941211
13,13,5,8.605813938,13.7458353,9.85584158,0.260447681,0.260787934,0.268245041,0.33671239,0.363748729,0.459388852
14,10,30,0.52746464,1.028384582,3.088274899,0.330609381,0.430055052,0.711381733,1.392031789,1.593326449,2.143183947
1,6,13,0.957098509,14.45904828,4.269802715,0.112535514,0.129243672,0.467076093,0.596516609,0.605695307,0.670778811
9,11,10,7.238766227,1.926273727,3.479531421,0.978139281,1.004731655,1.036676407,1.912012935,2.315866947,2.891534805
12,3,30,3.453285533,13.34753277,3.373155164,0.278189808,0.278649598,0.309639633,0.835284829,0.837584436,0.926076055
7,4,30,11.30857214,14.42291683,12.11059545,0.031799044,0.032117266,0.034029212,0.095604315,0.096487761,0.10209243
13,13,8,11.43008713,14.8600016,6.508289354,0.298369974,0.29872334,0.30709672,0.336847931,0.366658986,0.401926398
3,13,14,4.395630052,7.465000884,11.14927273,0.094420396,0.098324627,0.102226801,0.286284179,0.297315657,0.30567348
2,8,23,8.970978498,6.494776752,7.17753445,0.112011991,0.120978274,0.12300995,0.341564596,0.363579631,0.370411843
1,11,12,11.48302462,5.475395089,11.41022377,0.107161067,0.112127684,0.112317666,0.321749061,0.335465431,0.335774392
8,1,3,8.295595026,9.361292212,2.366860093,4.417617321,4.49296236,4.632002831,4.648151398,4.837493896,5.033872128
11,14,12,10.14143028,6.397925839,2.387477436,1.129838705,1.131211996,1.166402698,1.212327003,1.298721433,1.350639939
6,10,5,6.514483732,8.581881415,7.107419652,0.521055341,0.522321165,0.541485608,0.914933264,0.941700757,1.274533391
13,13,13,11.93541078,5.618524192,6.046814206,0.249505341,0.249579564,0.258089989,0.447803557,0.456800431,0.621144891
13,9,11,10.44518829,12.93234691,6.521445983,0.232329562,0.233153075,0.240210697,0.325064361,0.397726715,0.440805674
3,6,16,8.057514448,9.962169719,1.67698754,1.375483513,1.421213269,1.475791335,1.746029973,1.802270412,2.11252594
5,6,30,2.273406279,7.520087266,3.895191746,0.189079851,0.237161711,0.273537517,0.667051077,0.763596952,0.824949443
7,4,21,9.287195891,1.452866662,6.523162335,0.093376748,0.107353859,0.169474512,0.366831839,0.400203139,0.508538365
13,5,13,12.83294904,7.458679354,3.483695331,0.54460305,0.55236733,0.564343929,0.638205051,0.704160214,0.836614788
7,10,17,8.028037815,13.74877465,8.668897011,0.100293085,0.10092476,0.104693174,0.299938262,0.302095115,0.312844962
2,11,13,13.11837464,3.373899191,12.03246004,0.09065818,0.091291927,0.09748549,0.27117309,0.2731058,0.291225284
3,8,26,9.337919858,2.627079566,9.736309995,0.062381037,0.067264311,0.075545937,0.193201751,0.203515291,0.22698608
2,4,22,2.428830834,1.468720344,2.683891669,0.546760023,0.564539671,1.123315096,2.182466269,2.208483458,3.365596533
8,6,1,6.800941241,2.679847916,5.890405033,3.129323006,3.16940856,3.294845581,3.774799347,4.085336208,4.656312943
12,5,21,14.07855,8.084558337,13.57358653,0.038873073,0.039729889,0.040408921,0.116753139,0.119045511,0.121258974
13,8,1,2.592562962,3.396716877,6.688032535,3.055027246,3.055989981,3.164066076,4.524982929,5.52005434,6.393811703
9,11,18,6.601073842,13.85725094,14.62762972,0.041430112,0.041744404,0.043048851,0.12415617,0.12499442,0.128939673
4,12,25,4.210784929,13.52711329,3.474751569,0.266280621,0.281503171,0.308553517,0.449568927,0.577563167,0.764351785
10,14,12,4.882632106,11.78554527,4.951072162,0.374688894,0.376628488,0.388299763,0.532056987,0.619517326,0.755279303
6,14,17,9.869780565,8.063059671,12.52425631,0.059692495,0.060165167,0.061722834,0.178826913,0.180120319,0.184781551
5,14,3,3.698393123,7.567940888,11.58011995,0.415243477,0.416714937,0.428536952,0.84463793,1.116763353,1.144028544
12,7,12,3.414287856,12.57361627,9.771591742,0.131518766,0.132199273,0.139104813,0.392327696,0.394742936,0.414871991
5,2,5,3.819312423,4.550281561,10.85773027,0.328147858,0.332717359,0.368565738,0.956454516,0.968325019,1.071187735
15,15,1,6.068171681,14.66496721,12.82270125,0.648098826,0.653372288,0.663891196,0.699025691,0.70485425,0.748618305
9,10,27,7.218219578,13.37951594,4.827411391,0.159747213,0.161333635,0.167887464,0.40460217,0.407604128,0.477971911
8,10,4,14.17378953,8.946547527,7.591309081,0.47985521,0.480037332,0.499290228,0.561210334,0.626872063,0.690976679
12,11,19,8.225573534,11.28684765,10.85353892,0.065213926,0.065261461,0.067344412,0.195349902,0.19549197,0.201658025
3,8,18,14.98706926,14.91304255,1.646899445,0.961080432,0.98895359,0.991340816,1.043142438,1.097986579,1.126385808
7,9,5,13.95343801,11.12683189,2.364673769,2.135581493,2.141013861,2.171300411,2.173385382,2.229185104,2.232063532
9,14,11,5.228443873,14.22269918,6.442941108,0.253973752,0.254902929,0.26334092,0.367546439,0.442064226,0.580738306
11,11,14,2.201448419,13.08636643,5.967955122,0.242950723,0.251460522,0.256116688,0.510208011,0.67281872,0.724115074
10,15,19,12.07106594,10.24866107,14.990909,0.036692791,0.036790449,0.037727933,0.109909676,0.110180751,0.112972766
12,11,16,9.258610605,13.16380854,6.413728443,0.168080434,0.168403491,0.17400223,0.288627416,0.355788887,0.440539897
13,12,11,2.705951613,4.917081612,3.439822112,0.985444069,0.995766163,1.024859428,2.141354561,2.361851692,2.934852362
8,11,9,3.394733545,12.12528966,8.135040778,0.233459696,0.235799238,0.24416098,0.517336011,0.681609929,0.691185474
13,6,16,12.00956437,13.94625243,7.007869179,0.138670638,0.139817685,0.143679008,0.273252189,0.286711782,0.409235746
15,14,26,12.10684245,14.35782539,7.297131862,0.078880422,0.078977361,0.081117235,0.153253123,0.208016649,0.226976603
10,4,11,13.35186717,8.363213417,0.696375253,5.27552557,5.311920643,5.323159218,5.342505932,5.370363712,5.406434536
8,5,29,4.637830027,2.459274489,1.577663661,0.945421338,1.160695076,1.233243823,3.119819641,3.52584219,3.697613239
7,5,19,4.373578406,2.576745957,14.06117885,0.049023796,0.056124315,0.059524387,0.153642774,0.168884903,0.17986314
1,15,6,1.780373769,5.459644309,3.778690861,1.129095197,1.17783463,1.641987205,1.684503198,2.368099213,3.176938534
10,6,10,14.71438815,4.401534995,7.40934812,0.226153836,0.228503421,0.237795174,0.418474197,0.537809789,0.66798836
7,1,17,12.59268366,5.102413381,11.21161079,0.0537984,0.058779176,0.075971536,0.183515728,0.197081968,0.22750333
9,4,27,1.070472232,5.124527029,3.153486816,0.326986224,0.47152245,0.496107608,1.194246411,1.449454427,1.527088404
13,10,25,11.20085432,14.36188995,4.679532284,0.165015787,0.16582723,0.171320275,0.247021586,0.326324016,0.329681158
3,6,21,2.238100943,11.41745739,12.77283738,0.032562137,0.037557781,0.052094627,0.119422369,0.131126925,0.156248763
4,6,20,10.08567892,5.359638625,4.577585481,0.270737588,0.273101091,0.295835912,0.812312007,0.819804668,0.886104524
5,4,30,4.966908797,11.19310767,1.284967998,1.058500409,1.114318252,1.21024096,1.713406563,1.804399729,2.284884214
3,13,3,5.571703745,8.256907552,13.35365512,0.311113596,0.312303811,0.321471393,0.667043984,0.857542872,0.861908138
9,13,4,9.27544234,1.76097328,1.801523341,5.619851589,5.703533173,5.810004711,5.837438107,6.008300304,6.186659336
10,4,10,1.499908488,10.71298637,12.58127238,0.111477315,0.1161974,0.123122379,0.334032059,0.346196145,0.367847562
12,14,12,4.587682836,14.26942289,9.364232836,0.130686805,0.131115139,0.13533172,0.289408118,0.3709521,0.388966352
12,4,8,8.047845377,4.751403476,12.14402005,0.1464784,0.1486945,0.151830658,0.434764773,0.440847755,0.450321198
6,6,13,11.21459772,2.255831937,4.923385818,0.365002155,0.393256515,0.397991002,1.095360518,1.111584187,1.175794959
15,4,13,7.873556638,6.895318464,7.792753516,0.179813445,0.183486432,0.185436308,0.537930012,0.548159361,0.554042757
7,6,23,14.32153527,1.150431537,6.763639055,0.071119338,0.079615571,0.127308309,0.276426435,0.300916702,0.381830841
8,2,14,3.68127667,6.543581136,0.974636557,4.302879333,4.509596825,4.615307808,5.666900635,5.835134029,7.207073689
11,8,20,9.410152345,2.456602639,9.640566452,0.081768222,0.086432382,0.089765474,0.249617323,0.262630761,0.269059241
12,6,10,13.32078166,9.237182827,5.890272226,0.304277062,0.305543631,0.315552652,0.419986606,0.465631247,0.557519317
15,11,20,12.62146563,13.52053964,12.92810509,0.04181115,0.041904546,0.04296213,0.125233278,0.125490382,0.128633201
14,4,6,10.77979265,11.63044161,13.01635177,0.144091234,0.144780695,0.148259401,0.313363999,0.385761231,0.422925174
6,2,1,0.517483136,11.96705059,10.15514924,1.283544779,1.315540075,1.475524783,2.438895226,12.01371193,30.89656067
13,3,19,10.88295747,11.17822615,4.81560467,0.224876314,0.231805369,0.233568266,0.397245944,0.501308978,0.672045946
5,6,28,5.329788244,12.9921544,2.720259416,0.369396418,0.393108457,0.406974226,0.811516583,0.960090816,1.103709579
15,6,4,7.833101112,9.608793102,12.64886271,0.238988176,0.239578992,0.245685205,0.510618448,0.513220966,0.683974147
10,12,5,13.92063408,10.069876,2.580084258,1.916297317,1.917632341,1.936910391,1.94233048,1.971621871,1.984204888
7,7,29,13.22094422,1.789577716,6.083243234,0.084430844,0.095300741,0.120462462,0.291276723,0.318795413,0.361755431
4,4,15,8.578939112,11.21138687,10.07020953,0.095952936,0.096377805,0.103215076,0.287350893,0.288527012,0.308754087
6,4,14,10.99775803,7.507310335,14.6861337,0.055655487,0.05634474,0.059319753,0.166646853,0.168503746,0.177410871
3,15,11,5.922916706,3.266950517,6.454175354,0.345118731,0.353557229,0.359880835,1.032516599,1.055039525,1.07410419
3,13,8,1.345011281,2.167439799,14.48681168,0.113632403,0.137323052,0.144497618,0.364649653,0.422653854,0.428726345
6,13,27,4.830249643,7.659714077,11.3909285,0.04636905,0.04898281,0.049609032,0.140905857,0.147964314,0.148938581
8,6,16,4.818106506,14.26492419,12.28746195,0.064140141,0.064804934,0.068355732,0.192194074,0.193977729,0.204654753
1,13,6,4.509047726,14.6999851,12.0193252,0.163556188,0.170428157,0.176703543,0.291961908,0.389025211,0.484373987
4,8,29,5.663174474,1.922321738,7.813126873,0.079332598,0.092887081,0.108609326,0.261376023,0.286142051,0.327289254
10,4,20,5.991223306,14.70653845,14.14711688,0.040381115,0.040443327,0.042931903,0.12108177,0.121310785,0.128629848
7,7,15,2.561344604,10.65646876,10.6957187,0.092276797,0.098016687,0.099069744,0.278840631,0.293309152,0.298359513
7,7,17,10.65372451,2.485218461,8.781509909,0.110690512,0.119560882,0.119995758,0.336578459,0.359438986,0.361668825
8,14,20,1.504182281,11.290005,9.946459836,0.065704331,0.068883486,0.082878001,0.211365014,0.220396146,0.2483145
5,14,28,11.26638646,8.142507037,1.885755921,0.633795559,0.653692126,0.662018538,0.804796755,0.820535004,0.986533344
3,4,6,6.849751146,0.906314557,0.851474169,10.75585842,12.01978874,13.6429863,14.3908968,14.50949383,22.07512665
7,9,4,4.84988269,12.25701325,5.26287578,0.960097313,0.967517972,1.005047917,1.133342266,1.206895828,1.35036099
13,8,18,7.70071292,6.704348912,2.524099527,0.745425105,0.754076302,0.775355637,1.020375252,1.04899919,1.342504501
12,3,25,1.917156089,5.308752368,14.3070307,0.036781706,0.038443334,0.047682729,0.114986219,0.11817956,0.142972142
8,3,24,1.999081636,10.83457297,14.87098748,0.030511733,0.035617989,0.038103893,0.096644402,0.107270464,0.115519844
13,15,29,13.9014522,1.002089207,5.788006715,0.094436586,0.100575283,0.12893945,0.314597964,0.331608743,0.369070947
5,10,16,10.05306104,10.98113642,14.21264252,0.049006179,0.049396172,0.051048908,0.146753073,0.147819892,0.152772293
8,8,23,2.253675084,0.508582062,7.335445371,0.064764172,0.130846426,0.158759013,0.310982794,0.430906743,0.492493212
5,8,20,13.85763323,7.153957823,13.94770372,0.040823881,0.040899858,0.043319363,0.12245328,0.122615099,0.129799739
14,13,24,10.55733176,4.304577886,2.690826976,0.494538426,0.502265751,0.515317559,0.69606173,0.760139287,0.914069533
6,4,2,8.818720288,2.358986677,3.063526174,4.756660461,4.957646847,4.959096909,5.277728558,5.631314754,6.008288383
2,6,7,6.985646557,4.014160041,13.56700281,0.151316896,0.15270178,0.168398887,0.44754076,0.451319784,0.497129202
13,4,19,10.95490523,14.70095938,13.22375853,0.043562904,0.044075307,0.04512101,0.130561069,0.131984785,0.135126635
13,7,6,8.923990481,7.944662437,8.600202413,0.308466762,0.30919227,0.318037987,0.582975328,0.588294148,0.822201252
13,6,13,2.637281924,1.292565846,14.33420434,0.071766943,0.084199384,0.088433526,0.229400203,0.25918296,0.264704973
13,5,19,3.757620887,12.40540594,1.813571591,1.092870951,1.09584415,1.173052192,1.346714258,1.556271076,1.745397329
1,6,19,7.425485776,3.381312379,3.108515945,0.557608068,0.649212778,0.684542596,1.773112774,1.966443777,2.058273554
14,6,27,6.092229236,6.08018165,8.00555408,0.086255699,0.089582868,0.091049545,0.260552466,0.269110471,0.273765355
1,9,2,5.646732999,4.607352655,6.37289929,1.775900841,1.796693087,1.85456121,2.814992905,3.574209929,4.482945442
5,3,5,6.075521997,8.934598898,8.089029916,0.443286806,0.44472903,0.47255519,1.291410565,1.291993856,1.37499547
14,11,9,1.339311242,5.549970566,2.619430045,1.851544142,1.924936414,1.950386882,2.98319602,3.583744526,4.476777077
5,10,15,3.383722464,1.944816924,2.558513212,1.290554881,1.292602539,1.43258512,3.888437748,3.889882803,4.288046837
15,12,5,6.815450915,1.042959173,9.263121833,0.408735722,0.419054896,0.422718853,1.08730495,1.191180229,1.219332218
2,15,28,11.99195636,10.3642545,5.841835022,0.109798655,0.11421337,0.119318135,0.30521372,0.33285746,0.344615251
15,1,8,9.106627817,3.267400347,12.67106222,0.11401102,0.118213557,0.142754629,0.361852348,0.374040157,0.423186183
10,8,6,6.003463563,8.707105733,9.643173986,0.270849347,0.271119893,0.281143218,0.688430071,0.795262992,0.795759261
1,1,11,14.28022115,8.143873801,5.786277148,0.338135332,0.35103488,0.362271607,1.021030307,1.050162673,1.081921816
2,11,26,6.976855317,0.723112072,0.784387272,2.372340918,3.356313467,3.485674381,7.221039772,7.921682835,9.398314476
5,15,14,5.976576767,2.117460887,5.071862279,0.415988356,0.417919427,0.44386071,1.246824503,1.252503872,1.327589512
5,8,15,8.449555133,1.593906215,13.51049486,0.06386847,0.071851112,0.07225915,0.196648657,0.215158358,0.219215438
5,13,4,13.85510775,5.004565783,11.73144019,0.265680373,0.266771495,0.279267311,0.549867332,0.73748076,0.757496297
5,12,8,3.515554826,11.7931199,4.499081505,0.661505759,0.675612211,0.690746486,0.8246243,0.948226631,1.149931312
9,6,17,2.929999466,0.885041532,7.429375155,0.128792793,0.171564728,0.217852175,0.492853224,0.568878889,0.656068087
3,11,18,7.967682903,3.851506491,13.45733421,0.056849204,0.058104038,0.061875515,0.17108275,0.174417168,0.185363606
4,13,4,2.852403493,4.647454203,10.52865755,0.423889607,0.42896241,0.439221799,1.21289587,1.22589469,1.255232215
6,14,5,6.450836161,3.705326369,14.05848736,0.193882629,0.194208384,0.201848343,0.563939869,0.564647257,0.586707354
15,7,4,10.94592721,7.97899726,3.150289786,1.976199031,1.984344721,1.996559858,2.030791283,2.075720549,2.090351582
